Comune;Provincia;Regione;Nome;Anno inserimento;Data e ora inserimento;Identificatore in OpenStreetMap;Longitudine;Latitudine
ALTRO;ALTRO;ALTRO;;2010;2010-12-06T22:17:20Z;1025586723;13.7809858999999;45.5837997
ALTRO;ALTRO;ALTRO;;2014;2014-09-10T22:03:19Z;1987326109;12.5103728;43.9479165999999
ALTRO;ALTRO;ALTRO;;2015;2015-04-14T08:16:42Z;3455225481;13.6197056;46.1955584
ALTRO;ALTRO;ALTRO;;2015;2015-04-14T08:16:42Z;3455225482;13.6198806;46.1955875
ALTRO;ALTRO;ALTRO;Mobitel;2013;2013-02-17T19:09:35Z;736761233;13.9071768;45.6201240999999
BORGONE SUSA;CITTA' METROPOLITANA DI TORINO;Piemonte;;2010;2010-11-13T17:42:31Z;987940328;7.2601194;45.1187286999999
CHIVASSO;CITTA' METROPOLITANA DI TORINO;Piemonte;;2015;2015-03-16T12:47:19Z;1138759188;7.9359476;45.2315587
MONCALIERI;CITTA' METROPOLITANA DI TORINO;Piemonte;;2011;2011-12-19T17:42:19Z;1554412487;7.7229844;45.0308288
PECETTO TORINESE;CITTA' METROPOLITANA DI TORINO;Piemonte;;2011;2011-12-19T17:42:19Z;1554412499;7.7329194;45.0342454999999
PECETTO TORINESE;CITTA' METROPOLITANA DI TORINO;Piemonte;;2012;2012-05-01T08:06:49Z;1554412495;7.7258573;45.0319379
PECETTO TORINESE;CITTA' METROPOLITANA DI TORINO;Piemonte;;2012;2012-05-01T08:21:00Z;1554412546;7.7359948;45.0404073999999
PEROSA ARGENTINA;CITTA' METROPOLITANA DI TORINO;Piemonte;Faro della Libertà;2015;2015-02-01T10:47:56Z;3324920200;7.1954994;44.9570026999999
PINEROLO;CITTA' METROPOLITANA DI TORINO;Piemonte;;2012;2012-08-28T15:06:27Z;1886828143;7.3349734;44.8853871999999
PINEROLO;CITTA' METROPOLITANA DI TORINO;Piemonte;;2014;2014-06-15T05:41:31Z;2916927937;7.3911238;44.8976173
PISCINA;CITTA' METROPOLITANA DI TORINO;Piemonte;SGM;2014;2014-06-15T05:13:04Z;2916915486;7.4189647;44.9206346
POIRINO;CITTA' METROPOLITANA DI TORINO;Piemonte;TOP;2010;2010-02-22T23:37:12Z;281954269;7.8616098;44.9254911
POIRINO;CITTA' METROPOLITANA DI TORINO;Piemonte;TOP;2010;2010-02-22T23:37:13Z;281954030;7.8603798;44.9247682
PORTE;CITTA' METROPOLITANA DI TORINO;Piemonte;ripetitore;2014;2014-03-28T21:07:20Z;2750684256;7.2524025;44.8966769999999
PRAMOLLO;CITTA' METROPOLITANA DI TORINO;Piemonte;;2014;2014-04-28T09:15:17Z;2822330111;7.1964229;44.8994532999999
SAN MAURIZIO CANAVESE;CITTA' METROPOLITANA DI TORINO;Piemonte;CSL VOR;2014;2014-04-04T22:13:06Z;281954456;7.64957;45.21972
SAN PIETRO VAL LEMINA;CITTA' METROPOLITANA DI TORINO;Piemonte;;2010;2010-06-04T13:01:34Z;764391539;7.2774345;44.908104
SESTRIERE;CITTA' METROPOLITANA DI TORINO;Piemonte;;2012;2012-06-26T20:56:12Z;1803260165;6.8607325;44.9765433
TORINO;CITTA' METROPOLITANA DI TORINO;Piemonte;Torre Bert;2014;2014-12-07T12:34:15Z;1272228540;7.7036378;45.0436271
TORRE PELLICE;CITTA' METROPOLITANA DI TORINO;Piemonte;;2012;2012-08-30T15:03:18Z;1890048991;7.2068759;44.8022388999999
VENARIA REALE;CITTA' METROPOLITANA DI TORINO;Piemonte;CAS;2009;2009-11-11T11:45:24Z;281954029;7.64533;45.12346
GATTINARA;VERCELLI;Piemonte;;2015;2015-03-17T12:24:44Z;3403761733;8.3536331;45.6394521
SCOPELLO;VERCELLI;Piemonte;;2015;2015-03-23T14:26:59Z;3414349461;8.1407512;45.7588949
VARALLO;VERCELLI;Piemonte;;2015;2015-03-16T10:31:42Z;3401522416;8.2941299;45.8209892
VERCELLI;VERCELLI;Piemonte;;2016;2016-01-25T11:13:36Z;3965802988;8.4147757;45.3149416999999
BELLINZAGO NOVARESE;NOVARA;Piemonte;CAM;2009;2009-11-11T11:45:34Z;281954466;8.65753;45.5702199999999
BOLZANO NOVARESE;NOVARA;Piemonte;;2015;2015-06-07T22:10:23Z;3579344330;8.4408381;45.7632729999999
CERANO;NOVARA;Piemonte;NOV;2009;2009-11-11T11:45:27Z;281954038;8.79386;45.42414
GHEMME;NOVARA;Piemonte;;2013;2013-01-04T15:22:09Z;2095031584;8.4366439;45.6116558
GHEMME;NOVARA;Piemonte;;2013;2013-08-18T17:20:36Z;2423124981;8.4193321;45.5911424
ROMAGNANO SESIA;NOVARA;Piemonte;RMG;2009;2009-11-11T11:45:28Z;281954032;8.40658;45.6283299999999
ROMENTINO;NOVARA;Piemonte;;2011;2011-08-28T22:19:51Z;1416706079;8.753083;45.4660833
TRECATE;NOVARA;Piemonte;;2011;2011-12-11T18:34:43Z;1541295925;8.75537409999999;45.4290668
TRECATE;NOVARA;Piemonte;CAM;2009;2009-11-11T11:45:27Z;281954035;8.70078;45.42859
VESPOLATE;NOVARA;Piemonte;;2015;2015-01-13T10:32:03Z;3285568858;8.67770999999999;45.3540205999999
COSTIGLIOLE SALUZZO;CUNEO;Piemonte;;2015;2015-09-16T15:02:42Z;3745747262;7.5037503;44.5639011
FOSSANO;CUNEO;Piemonte;LEV;2009;2009-11-11T11:45:24Z;281954028;7.61539;44.54422
MOMBALDONE;ASTI;Piemonte;;2015;2015-04-07T10:43:45Z;3442615820;8.30514589999999;44.5686159999999
ALESSANDRIA;ALESSANDRIA;Piemonte;;2012;2012-04-24T09:54:05Z;1728802279;8.575685;44.8793581999999
ALESSANDRIA;ALESSANDRIA;Piemonte;cellulari;2012;2012-09-03T09:28:48Z;1895958981;8.62633409999999;44.8920924
ALESSANDRIA;ALESSANDRIA;Piemonte;gsm;2014;2014-10-31T06:25:56Z;3158896022;8.6977113;44.9229884
ALESSANDRIA;ALESSANDRIA;Piemonte;Ripetitori Brick dell'Olio;2011;2011-08-30T20:20:27Z;1418600545;8.6495858;44.9723728
ALESSANDRIA;ALESSANDRIA;Piemonte;Ripetitori Brick dell'Olio;2011;2011-08-30T20:20:27Z;1418600546;8.64940449999999;44.9725347999999
ALESSANDRIA;ALESSANDRIA;Piemonte;Ripetitori Brick dell'Olio;2011;2011-08-30T20:20:27Z;1418600547;8.6491755;44.9727374
BOSCO MARENGO;ALESSANDRIA;Piemonte;;2012;2012-09-17T19:54:54Z;1919088859;8.6898129;44.8259211
CASALE MONFERRATO;ALESSANDRIA;Piemonte;;2012;2012-04-24T06:39:52Z;1132189680;8.48707819999999;45.1216925
CASTELLAZZO BORMIDA;ALESSANDRIA;Piemonte;;2011;2011-08-27T20:55:19Z;1415316393;8.5895034;44.8471643
CASTELLAZZO BORMIDA;ALESSANDRIA;Piemonte;;2011;2011-09-07T20:59:12Z;1426509627;8.5791793;44.8500920999999
CASTELLAZZO BORMIDA;ALESSANDRIA;Piemonte;;2011;2011-09-17T21:05:40Z;1435892496;8.58954999999999;44.8449462
CASTELLAZZO BORMIDA;ALESSANDRIA;Piemonte;;2011;2011-09-18T20:12:50Z;1436832228;8.5872569;44.8465804
CASTELLAZZO BORMIDA;ALESSANDRIA;Piemonte;;2011;2011-09-25T21:02:39Z;1445784697;8.5932336;44.808992
PONTECURONE;ALESSANDRIA;Piemonte;VOG;2009;2009-11-11T11:45:27Z;281954037;8.97206;44.96381
PONTECURONE;ALESSANDRIA;Piemonte;VOG;2009;2009-11-11T11:45:34Z;281954468;8.97028;44.96444
PONTECURONE;ALESSANDRIA;Piemonte;VOG;2012;2012-08-01T09:27:45Z;281954275;8.9703552;44.9645306
PREDOSA;ALESSANDRIA;Piemonte;;2012;2012-07-05T21:13:12Z;1814264567;8.6458163;44.7508252
ARNAD;AOSTA;Valle d'Aosta;;2015;2015-03-06T19:45:04Z;3386499423;7.7082805;45.6525998999999
AYAS;AOSTA;Valle d'Aosta;;2015;2015-12-16T14:42:15Z;3895177426;7.7226157;45.8313820999999
AYMAVILLES;AOSTA;Valle d'Aosta;Champleval;2013;2013-10-25T22:31:35Z;2508905986;7.2237681;45.6937098
BARD;AOSTA;Valle d'Aosta;;2015;2015-07-01T14:14:33Z;3629298356;7.7468785;45.6109735
BIONAZ;AOSTA;Valle d'Aosta;;2015;2015-09-18T18:34:43Z;3749570480;7.4013175;45.8710442
BRUSSON;AOSTA;Valle d'Aosta;;2015;2015-11-29T16:19:01Z;3867424926;7.7315132;45.7597584999999
CHALLAND-SAINT-ANSELME;AOSTA;Valle d'Aosta;;2015;2015-01-07T18:32:02Z;3274951362;7.7350596;45.7124377999999
CHALLAND-SAINT-VICTOR;AOSTA;Valle d'Aosta;;2015;2015-10-15T09:33:16Z;3787327223;7.7050127;45.687227
EMARESE;AOSTA;Valle d'Aosta;;2015;2015-04-23T15:02:12Z;3375627313;7.7153649;45.7453588999999
GRESSAN;AOSTA;Valle d'Aosta;Gerdaz;2015;2015-02-04T10:17:37Z;3329712997;7.3096608;45.7020656999999
LILLIANES;AOSTA;Valle d'Aosta;;2015;2015-05-29T08:31:46Z;3555801069;7.8586497;45.6339763
PONT-SAINT-MARTIN;AOSTA;Valle d'Aosta;;2015;2015-10-23T13:35:36Z;3799368658;7.7955753;45.601305
RHEMES-SAINT-GEORGES;AOSTA;Valle d'Aosta;;2015;2015-02-03T09:12:44Z;3328147115;7.1421651;45.6211661
RHEMES-SAINT-GEORGES;AOSTA;Valle d'Aosta;;2015;2015-02-03T09:12:45Z;3328147142;7.137887;45.6255764
RHEMES-SAINT-GEORGES;AOSTA;Valle d'Aosta;;2015;2015-02-07T17:36:17Z;3336557467;7.1550927;45.6555766999999
SAINT-NICOLAS;AOSTA;Valle d'Aosta;Rumiod;2013;2013-10-25T22:31:35Z;1995480310;7.1987949;45.7172922999999
VALSAVARENCHE;AOSTA;Valle d'Aosta;Creton;2015;2015-01-18T08:48:15Z;1427981115;7.2093932;45.5823162
VALSAVARENCHE;AOSTA;Valle d'Aosta;Rovenaud;2013;2013-10-25T22:32:32Z;2508906190;7.2005855;45.6138549
VERRES;AOSTA;Valle d'Aosta;;2015;2015-02-28T16:33:28Z;3376627885;7.6866103;45.6677326
BERGEGGI;SAVONA;Liguria;;2015;2015-11-11T09:48:06Z;1839682522;8.44331949999999;44.2338996
BERGEGGI;SAVONA;Liguria;;2015;2015-11-11T09:48:06Z;1839682527;8.4463167;44.2347514
BORGIO VEREZZI;SAVONA;Liguria;;2012;2012-07-28T00:22:52Z;1840688491;8.3147147;44.1578403999999
VILLANOVA D'ALBENGA;SAVONA;Liguria;ALB;2009;2009-11-11T11:45:17Z;281954272;8.1276556;44.0481699999999
VILLANOVA D'ALBENGA;SAVONA;Liguria;ALB;2009;2009-11-11T11:45:35Z;281954462;8.12762;44.0481699999999
BARGAGLI;CITTA' METROPOLITANA DI GENOVA;Liguria;GEN;2009;2009-11-11T11:45:27Z;281954039;9.08334;44.4238399999999
BARGAGLI;CITTA' METROPOLITANA DI GENOVA;Liguria;GEN;2010;2010-05-10T21:05:28Z;281954278;9.0823531;44.4244003
BARGAGLI;CITTA' METROPOLITANA DI GENOVA;Liguria;GEN;2010;2010-05-10T21:05:29Z;281954471;9.0822565;44.4244692999999
BARGAGLI;CITTA' METROPOLITANA DI GENOVA;Liguria;Traso Bonelle;2010;2010-03-08T11:16:06Z;662826338;9.0856753;44.4389642
CAMOGLI;CITTA' METROPOLITANA DI GENOVA;Liguria;CMO;2009;2009-11-11T11:45:26Z;281954042;9.17111;44.3458299999999
CHIAVARI;CITTA' METROPOLITANA DI GENOVA;Liguria;ripetitore;2011;2011-08-16T16:24:52Z;1401196317;9.3098822;44.3231182999999
GENOVA;CITTA' METROPOLITANA DI GENOVA;Liguria;;2010;2010-03-02T16:09:40Z;659407369;9.0186016;44.4241795
GENOVA;CITTA' METROPOLITANA DI GENOVA;Liguria;;2010;2010-04-06T20:24:40Z;296153146;9.0270211;44.3915137999999
GENOVA;CITTA' METROPOLITANA DI GENOVA;Liguria;Genova Camaldoli;2010;2010-03-08T21:44:24Z;663067594;8.9916018;44.4212302999999
GENOVA;CITTA' METROPOLITANA DI GENOVA;Liguria;Ripetitore RAI - Stazione di Genova Bavari;2010;2010-02-23T22:06:32Z;652009048;9.0119375;44.4151646999999
GENOVA;CITTA' METROPOLITANA DI GENOVA;Liguria;Ripetitori Radio TV;2015;2015-11-30T13:53:09Z;756620925;9.0364086;44.4108014999999
GENOVA;CITTA' METROPOLITANA DI GENOVA;Liguria;SES;2009;2009-11-11T11:45:17Z;281954274;8.82361;44.41722
GENOVA;CITTA' METROPOLITANA DI GENOVA;Liguria;SES;2012;2012-02-12T12:28:49Z;281954469;8.8235286;44.4173125
LEIVI;CITTA' METROPOLITANA DI GENOVA;Liguria;ripetitore del Curlo;2011;2011-08-16T16:28:31Z;1401198759;9.3359038;44.3340307
LEIVI;CITTA' METROPOLITANA DI GENOVA;Liguria;Ripetitore Monte Anchetta;2013;2013-08-15T16:22:53Z;1407546700;9.2891033;44.3459645
CARRODANO;LA SPEZIA;Liguria;;2012;2012-06-19T14:51:42Z;1794567556;9.6548778;44.2471037999999
CARRODANO;LA SPEZIA;Liguria;;2012;2012-06-19T14:51:47Z;1794567700;9.6523137;44.2483679999999
FOLLO;LA SPEZIA;Liguria;;2012;2012-06-11T20:22:50Z;1783911441;9.8482792;44.1737688999999
LA SPEZIA;LA SPEZIA;Liguria;;2011;2011-07-22T05:22:18Z;1369657010;9.76448259999999;44.1059034999999
LA SPEZIA;LA SPEZIA;Liguria;;2012;2012-03-21T17:28:57Z;1684888451;9.78651239999999;44.1170637999999
LA SPEZIA;LA SPEZIA;Liguria;Monte Verrugoli;2011;2011-08-17T14:10:26Z;1184568925;9.7645626;44.1053339999999
LA SPEZIA;LA SPEZIA;Liguria;Parodi;2010;2010-11-06T08:00:33Z;978317105;9.778904;44.1088420999999
LA SPEZIA;LA SPEZIA;Liguria;Parodi;2011;2011-07-22T05:22:36Z;978317083;9.7785264;44.1093404
LA SPEZIA;LA SPEZIA;Liguria;Parodi;2011;2011-07-22T05:22:36Z;978317109;9.7789417;44.110298
LA SPEZIA;LA SPEZIA;Liguria;Rai;2011;2011-12-16T13:10:17Z;1170128629;9.7800702;44.1071321
LERICI;LA SPEZIA;Liguria;;2012;2012-02-11T22:57:34Z;417674710;9.904397;44.0747255
LERICI;LA SPEZIA;Liguria;SAZ;2009;2009-11-11T11:45:32Z;281954482;9.93889;44.07556
MAISSANA;LA SPEZIA;Liguria;Ripetitore;2013;2013-02-10T17:11:59Z;1683667990;9.5112555;44.3424385
MAISSANA;LA SPEZIA;Liguria;Ripetitore;2014;2014-05-08T16:40:25Z;1683667995;9.5119226;44.3458042
RICCO' DEL GOLFO DI SPEZIA;LA SPEZIA;Liguria;;2011;2011-07-22T05:22:19Z;1369657030;9.764514;44.1063163
RIOMAGGIORE;LA SPEZIA;Liguria;;2011;2011-07-22T05:22:19Z;1369657053;9.7640548;44.1065985999999
BREBBIA;VARESE;Lombardia;;2013;2013-06-13T10:47:00Z;2343180246;8.64547999999999;45.8202112
CARDANO AL CAMPO;VARESE;Lombardia;MAL;2009;2009-11-11T11:45:17Z;281954273;8.7345301;45.6427006999999
CARDANO AL CAMPO;VARESE;Lombardia;MAL;2009;2009-11-11T11:45:34Z;281954465;8.73456;45.6426599999999
CADORAGO;COMO;Lombardia;;2010;2010-09-25T09:49:20Z;925191235;9.0373075;45.7240686
CERMENATE;COMO;Lombardia;Ripetitore telefonico;2015;2015-11-03T08:45:21Z;3815200176;9.0889272;45.7018968
GERA LARIO;COMO;Lombardia;;2013;2013-04-28T16:12:14Z;2284480805;9.4086325;46.1581971999999
GERA LARIO;COMO;Lombardia;;2014;2014-07-07T14:41:12Z;2952548833;9.4087251;46.1574342999999
GERA LARIO;COMO;Lombardia;;2014;2014-07-07T14:41:14Z;2952548636;9.4101529;46.1582738
GERA LARIO;COMO;Lombardia;;2014;2014-07-07T14:41:18Z;2952548736;9.40869739999999;46.1590635
GERA LARIO;COMO;Lombardia;;2014;2014-07-07T14:41:18Z;2952549434;9.4093505;46.1590903
ROVELLO PORRO;COMO;Lombardia;SRN;2009;2009-11-11T11:45:27Z;281954040;9.02164;45.64612
ROVELLO PORRO;COMO;Lombardia;SRN;2009;2009-11-11T11:45:34Z;281954472;9.02285;45.64679
ROVELLO PORRO;COMO;Lombardia;SRN;2010;2010-03-07T09:21:05Z;281954277;9.02285;45.6467667
VALDISOTTO;SONDRIO;Lombardia;Ray Way;2015;2015-08-27T12:15:27Z;3716852598;10.3527284;46.472641
VALDISOTTO;SONDRIO;Lombardia;Ray Way;2015;2015-08-27T13:08:08Z;3716928353;10.3508607;46.4770104999999
VAL MASINO;SONDRIO;Lombardia;;2014;2014-07-06T11:59:58Z;2950765634;9.63671;46.2139130999999
ABBIATEGRASSO;CITTA' METROPOLITANA DI MILANO;Lombardia;;2010;2010-08-24T23:13:02Z;878084096;8.9183491;45.4061725999999
BOFFALORA SOPRA TICINO;CITTA' METROPOLITANA DI MILANO;Lombardia;;2010;2010-08-12T01:08:00Z;855861118;8.8378028;45.4635280999999
CARPIANO;CITTA' METROPOLITANA DI MILANO;Lombardia;LIN;2009;2009-11-11T11:45:26Z;281954041;9.28858;45.34434
CASSANO D'ADDA;CITTA' METROPOLITANA DI MILANO;Lombardia;TZO;2009;2009-11-11T11:45:26Z;281954044;9.5093;45.55845
CASSANO D'ADDA;CITTA' METROPOLITANA DI MILANO;Lombardia;TZO;2012;2012-12-11T12:58:26Z;281954279;9.5070199;45.5592226999999
CASTANO PRIMO;CITTA' METROPOLITANA DI MILANO;Lombardia;MAL;2009;2009-11-11T11:45:27Z;281954036;8.75625999999999;45.5458199999999
CESANO BOSCONE;CITTA' METROPOLITANA DI MILANO;Lombardia;;2013;2013-01-05T20:46:50Z;2096933364;9.0904295;45.4444767999999
CORSICO;CITTA' METROPOLITANA DI MILANO;Lombardia;;2013;2013-03-14T16:48:34Z;2201863968;9.09086409999999;45.4366617
MAGENTA;CITTA' METROPOLITANA DI MILANO;Lombardia;;2010;2010-08-19T01:13:54Z;867636573;8.8682911;45.470204
MAGENTA;CITTA' METROPOLITANA DI MILANO;Lombardia;;2012;2012-08-11T13:19:35Z;1861545140;8.8788711;45.4565769
PESSANO CON BORNAGO;CITTA' METROPOLITANA DI MILANO;Lombardia;;2013;2013-03-31T19:30:18Z;2239833671;9.38035709999999;45.5482080999999
SEGRATE;CITTA' METROPOLITANA DI MILANO;Lombardia;;2015;2015-10-28T20:49:22Z;3807401937;9.2932688;45.4778139
SEGRATE;CITTA' METROPOLITANA DI MILANO;Lombardia;LIN;2012;2012-09-01T11:15:09Z;281954280;9.2752592;45.4612152999999
SEGRATE;CITTA' METROPOLITANA DI MILANO;Lombardia;LIN;2012;2012-09-01T11:15:09Z;281954475;9.275312;45.461272
VAPRIO D'ADDA;CITTA' METROPOLITANA DI MILANO;Lombardia;TZO;2012;2012-12-11T12:58:26Z;281954474;9.5080392;45.5590312
ADRARA SAN MARTINO;BERGAMO;Lombardia;;2011;2011-02-10T15:31:06Z;1145502924;9.9529915;45.7427090999999
CHIUDUNO;BERGAMO;Lombardia;ORI;2009;2009-11-11T11:45:26Z;281954046;9.84168;45.64378
OLTRE IL COLLE;BERGAMO;Lombardia;;2014;2014-06-23T12:07:00Z;2929139281;9.7975967;45.8873589999999
ORIO AL SERIO;BERGAMO;Lombardia;ORI;2009;2009-11-11T11:45:16Z;281954283;9.70721;45.66993
ORIO AL SERIO;BERGAMO;Lombardia;ORI;2014;2014-07-24T04:01:05Z;281954479;9.70763;45.6699082
PIAZZA BREMBANA;BERGAMO;Lombardia;;2010;2010-05-29T14:12:16Z;756504846;9.6441987;45.9338884
RANICA;BERGAMO;Lombardia;;2013;2013-01-30T07:50:33Z;2122003663;9.7214495;45.7201704
SAN GIOVANNI BIANCO;BERGAMO;Lombardia;;2011;2011-01-23T16:41:55Z;1117090647;9.6691591;45.9057306999999
SELVINO;BERGAMO;Lombardia;;2014;2014-12-22T08:13:00Z;3247394020;9.7313771;45.7868751
TORRE BOLDONE;BERGAMO;Lombardia;;2015;2015-10-12T06:23:32Z;751622337;9.6868149;45.7315670999999
ANGOLO TERME;BRESCIA;Lombardia;Ripetitore;2013;2013-08-04T23:35:40Z;2407412802;10.1036948;45.9285503999999
BRENO;BRESCIA;Lombardia;;2013;2013-07-31T19:15:37Z;2402764194;10.4439285;45.953726
BRESCIA;BRESCIA;Lombardia;;2012;2012-07-22T18:20:28Z;1834467663;10.1700061;45.5266543999999
BRESCIA;BRESCIA;Lombardia;;2012;2012-11-16T19:15:45Z;2016983508;10.2752047999999;45.5001515
CASTENEDOLO;BRESCIA;Lombardia;BSA;2009;2009-11-11T11:45:15Z;281954296;10.31601;45.4380299999999
CASTENEDOLO;BRESCIA;Lombardia;BSA;2010;2010-03-26T14:45:30Z;281954497;10.31601;45.438009
DESENZANO DEL GARDA;BRESCIA;Lombardia;;2015;2015-02-12T22:37:20Z;3005783036;10.5684083999999;45.442064
ERBUSCO;BRESCIA;Lombardia;;2012;2012-10-25T13:21:03Z;1982883490;9.9762818;45.5892813999999
GHEDI;BRESCIA;Lombardia;GHE;2009;2009-11-11T11:45:39Z;281954496;10.2766699999999;45.44028
LONATO;BRESCIA;Lombardia;;2014;2014-08-08T15:16:05Z;3005066640;10.4992945;45.4490151999999
OSPITALETTO;BRESCIA;Lombardia;;2015;2015-02-08T11:30:27Z;3003830443;10.0874675;45.5498369999999
PALAZZOLO SULL'OGLIO;BRESCIA;Lombardia;;2010;2010-08-23T14:12:50Z;875845223;9.8912952;45.5876124999999
PALAZZOLO SULL'OGLIO;BRESCIA;Lombardia;;2010;2010-09-04T16:35:09Z;895796386;9.8977465;45.6001464
PALAZZOLO SULL'OGLIO;BRESCIA;Lombardia;;2012;2012-03-04T19:48:11Z;428738504;9.9208663;45.6108714
PALAZZOLO SULL'OGLIO;BRESCIA;Lombardia;Antenna Free wi-fi Bresciagov;2015;2015-05-11T06:49:15Z;3363233456;9.8871759;45.5991062
PALAZZOLO SULL'OGLIO;BRESCIA;Lombardia;Antenna Free wi-fi Bresciagov;2015;2015-05-13T09:43:02Z;3363232269;9.88461369999999;45.5991051
ROVATO;BRESCIA;Lombardia;;2014;2014-09-27T16:58:44Z;3098930810;9.9943833;45.5661622
TIGNALE;BRESCIA;Lombardia;;2010;2010-07-15T23:02:41Z;819826217;10.7356152;45.7541323
TRAVAGLIATO;BRESCIA;Lombardia;;2013;2013-11-03T13:31:41Z;1252856291;10.0754386;45.5239290999999
VOBARNO;BRESCIA;Lombardia;;2015;2015-06-23T19:26:33Z;3613362375;10.4931113;45.6299528999999
ZONE;BRESCIA;Lombardia;;2011;2011-03-15T17:10:01Z;1203303901;10.16831;45.7535917
ROCCA SUSELLA;PAVIA;Lombardia;;2012;2012-04-22T08:12:11Z;1726224525;9.0905405;44.9285754
RUINO;PAVIA;Lombardia;;2015;2015-09-28T05:20:26Z;3762151249;9.2663214;44.9072577
SANTA MARGHERITA DI STAFFORA;PAVIA;Lombardia;;2011;2011-06-12T15:29:41Z;1322083022;9.2137473;44.748393
BOZZOLO;MANTOVA;Lombardia;gsm;2014;2014-10-31T06:16:39Z;3158889930;10.4752040999999;45.1058849
RODIGO;MANTOVA;Lombardia;GAZ;2009;2009-11-11T11:45:18Z;281954064;10.6041399999999;45.2016899999999
APPIANO SULLA STRADA DEL VINO;BOLZANO;Trentino-Alto Adige;OZE;2012;2012-05-04T12:36:44Z;281954512;11.2922858;46.4051502
BOLZANO;BOLZANO;Trentino-Alto Adige;BZO;2009;2009-11-11T11:45:19Z;281954078;11.32188;46.46365
CORVARA IN BADIA;BOLZANO;Trentino-Alto Adige;;2010;2010-10-30T23:53:28Z;971170606;11.8283054;46.5090125999999
BORGO VALSUGANA;TRENTO;Trentino-Alto Adige;;2012;2012-02-06T23:59:25Z;1620985830;11.4550803;46.0533447999999
CAPRIANA;TRENTO;Trentino-Alto Adige;;2011;2011-04-10T14:27:24Z;1239897174;11.3358465;46.2631656
CIVEZZANO;TRENTO;Trentino-Alto Adige;;2011;2011-01-28T09:22:24Z;922864399;11.1921654;46.0776000999999
GARNIGA TERME;TRENTO;Trentino-Alto Adige;;2012;2012-09-29T09:14:44Z;1937711184;11.085372;46.0037746
GIOVO;TRENTO;Trentino-Alto Adige;ripetitore;2011;2011-07-09T14:17:05Z;990154489;11.1501435;46.1753501999999
LAVIS;TRENTO;Trentino-Alto Adige;;2013;2013-05-23T19:07:33Z;2317509839;11.1091856;46.1412999
MEZZOCORONA;TRENTO;Trentino-Alto Adige;;2012;2012-05-15T10:24:21Z;1671796756;11.1277126;46.2085645
MEZZOCORONA;TRENTO;Trentino-Alto Adige;;2012;2012-05-15T10:24:21Z;1671796777;11.1274232;46.2088046
MOENA;TRENTO;Trentino-Alto Adige;Ripetitore radio;2012;2012-08-31T16:16:08Z;1891803028;11.6796679999999;46.3802667
MORI;TRENTO;Trentino-Alto Adige;RAI;2015;2015-01-28T21:03:44Z;3317504694;10.9320579;45.8720366
NAVE SAN ROCCO;TRENTO;Trentino-Alto Adige;;2011;2011-04-27T18:11:00Z;1262334612;11.1104994;46.1713112999999
NAVE SAN ROCCO;TRENTO;Trentino-Alto Adige;;2011;2011-12-30T17:52:37Z;1569568600;11.090471;46.156444
RIVA DEL GARDA;TRENTO;Trentino-Alto Adige;;2013;2013-04-22T17:24:11Z;2277291328;10.8359922;45.8979197
ROVERETO;TRENTO;Trentino-Alto Adige;;2012;2012-10-17T20:23:06Z;1970576609;11.0603285;45.8600838999999
SARNONICO;TRENTO;Trentino-Alto Adige;;2013;2013-05-01T20:38:56Z;2288458137;11.1295538999999;46.4183273
SEGONZANO;TRENTO;Trentino-Alto Adige;;2010;2010-08-27T20:17:55Z;883401756;11.2477426;46.1745925
SPORMINORE;TRENTO;Trentino-Alto Adige;;2011;2011-04-26T20:01:59Z;1261267323;11.0241466999999;46.2290800999999
STORO;TRENTO;Trentino-Alto Adige;;2015;2015-09-16T11:39:49Z;3745430432;10.6187901999999;45.8424063
STORO;TRENTO;Trentino-Alto Adige;Verdura ripetitori TV;2009;2009-11-10T21:32:32Z;519661551;10.5817922;45.8568890999999
TERLAGO;TRENTO;Trentino-Alto Adige;;2010;2010-08-08T09:55:58Z;849428569;11.04053;46.1384285
TERLAGO;TRENTO;Trentino-Alto Adige;;2010;2010-08-10T12:21:15Z;852984470;11.0405786999999;46.1393545
TERLAGO;TRENTO;Trentino-Alto Adige;;2010;2010-08-10T12:21:19Z;852984654;11.0407796;46.1390373999999
TERLAGO;TRENTO;Trentino-Alto Adige;;2010;2010-08-10T12:21:23Z;852984847;11.0411591;46.1405803
TRENTO;TRENTO;Trentino-Alto Adige;;2011;2011-05-12T14:37:22Z;1281654587;11.1106099;46.1057856999999
TRENTO;TRENTO;Trentino-Alto Adige;;2012;2012-01-13T23:12:46Z;1588957441;11.1140962;46.0952158999999
TRENTO;TRENTO;Trentino-Alto Adige;;2012;2012-05-16T20:56:06Z;1755263810;11.1288845999999;46.0440138
TRENTO;TRENTO;Trentino-Alto Adige;;2014;2014-04-08T19:54:49Z;2778193967;11.102079;46.0652809999999
TRENTO;TRENTO;Trentino-Alto Adige;;2016;2016-02-22T17:32:28Z;4020139718;11.1517754;46.0716447
TRENTO;TRENTO;Trentino-Alto Adige;Antenna bianco-metallica;2012;2012-10-23T19:22:16Z;365500516;11.1679148;46.0507216999999
TRENTO;TRENTO;Trentino-Alto Adige;Antenna rosso-bianca;2012;2012-10-23T19:22:16Z;365500506;11.1674755;46.0517864999999
TRENTO;TRENTO;Trentino-Alto Adige;TCA Tele Commerciale Alpina (studi);2010;2010-03-04T13:12:58Z;443703630;11.1093981999999;46.0949528
TRENTO;TRENTO;Trentino-Alto Adige;Telecom Trento Sud;2010;2010-09-13T22:08:33Z;434463465;11.1277653999999;46.0531297
TRENTO;TRENTO;Trentino-Alto Adige;Torre Ripetitore Telefonia;2011;2011-06-16T01:28:25Z;446564113;11.1403561;46.0425113
TRENTO;TRENTO;Trentino-Alto Adige;Torre Ripetitore Telefonia;2011;2011-06-21T11:58:20Z;446564111;11.1390495;46.0436077
TRENTO;TRENTO;Trentino-Alto Adige;Torre Telecom-Tim;2011;2011-07-11T16:49:19Z;673002834;11.1150942;46.0848057999999
TRENTO;TRENTO;Trentino-Alto Adige;Torre Telefonia;2011;2011-02-13T01:20:01Z;673002800;11.1140775;46.0838921
TRENTO;TRENTO;Trentino-Alto Adige;Traliccio RAI;2011;2011-03-18T17:51:34Z;430134440;11.1565405;46.0488579
TRENTO;TRENTO;Trentino-Alto Adige;WI-FI REPEATER;2011;2011-05-13T10:36:42Z;670096159;11.1465175999999;46.0368797
COMANO TERME;TRENTO;Trentino-Alto Adige;;2011;2011-08-09T12:15:50Z;1392341059;10.9042309999999;46.0361268999999
LEDRO;TRENTO;Trentino-Alto Adige;Tabellone;2011;2011-02-15T15:14:00Z;1153324532;10.6391352;45.8799625999999
BOSCO CHIESANUOVA;VERONA;Veneto;;2012;2012-08-01T06:38:28Z;1194347308;11.0576747;45.6922513
PESCHIERA DEL GARDA;VERONA;Veneto;;2014;2014-08-08T21:53:19Z;3005783833;10.6550876999999;45.430183
PESCHIERA DEL GARDA;VERONA;Veneto;;2014;2014-08-08T21:53:19Z;3005783833;10.6550876999999;45.430183
SONA;VERONA;Veneto;;2014;2014-08-08T22:31:48Z;3005838133;10.8125692;45.416969
VERONA;VERONA;Veneto;;2011;2011-05-04T08:04:57Z;1271802718;10.9567744;45.4561880999999
VERONA;VERONA;Veneto;;2011;2011-05-28T13:55:31Z;1271802717;10.9566747;45.4557231
VERONA;VERONA;Veneto;;2011;2011-08-07T06:56:41Z;1389191132;10.9383168;45.4377134
VERONA;VERONA;Veneto;;2011;2011-08-09T07:45:50Z;1392027104;10.9676145;45.4529625999999
VILLAFRANCA DI VERONA;VERONA;Veneto;VIL;2009;2009-11-11T11:45:18Z;281954066;10.7859928;45.3244431
BARBARANO VICENTINO;VICENZA;Veneto;;2015;2015-09-27T14:56:01Z;559014891;11.5256487;45.4223872
MONTE DI MALO;VICENZA;Veneto;;2015;2015-02-12T11:38:11Z;3345565201;11.357402;45.6619492
MONTE DI MALO;VICENZA;Veneto;Antenne Rai;2014;2014-11-01T17:54:19Z;3161430641;11.3578668999999;45.6445091
SCHIO;VICENZA;Veneto;Antenna di Raga;2009;2009-09-13T20:32:04Z;495566158;11.3279111;45.7036494
SOVRAMONTE;BELLUNO;Veneto;Ripetitore;2010;2010-05-20T16:52:49Z;741278426;11.8042283;46.0918234999999
SOVRAMONTE;BELLUNO;Veneto;Ripetitore;2010;2010-05-20T16:53:00Z;741278837;11.8039974999999;46.0917984
CESSALTO;TREVISO;Veneto;;2014;2014-08-11T08:35:50Z;3009956334;12.603071;45.7039702
ORSAGO;TREVISO;Veneto;AVI;2009;2009-11-11T11:45:23Z;281954091;12.42853;45.9243299999999
PAESE;TREVISO;Veneto;ISA;2013;2013-03-25T16:44:43Z;281954509;12.1170911;45.6874978
TARZO;TREVISO;Veneto;;2012;2012-07-10T10:20:13Z;893088516;12.2268554999999;45.9729474
TREVISO;TREVISO;Veneto;ISA;2009;2009-12-05T16:49:16Z;281954084;12.22833;45.69861
ZERO BRANCO;TREVISO;Veneto;TRE;2012;2012-01-30T21:13:44Z;281954075;12.0956364;45.6224712
MUSILE DI PIAVE;CITTA' METROPOLITANA DI VENEZIA;Veneto;;2009;2009-11-18T22:56:37Z;527470522;12.545289;45.6201839
MUSILE DI PIAVE;CITTA' METROPOLITANA DI VENEZIA;Veneto;;2010;2010-05-06T20:46:53Z;724481356;12.5470518;45.6204387
VENEZIA;CITTA' METROPOLITANA DI VENEZIA;Veneto;TES;2012;2012-10-23T19:53:55Z;281954515;12.3681836999999;45.5190726
VENEZIA;CITTA' METROPOLITANA DI VENEZIA;Veneto;TES;2012;2012-10-23T19:53:55Z;281954515;12.3681836999999;45.5190726
VENEZIA;CITTA' METROPOLITANA DI VENEZIA;Veneto;TES;2012;2012-10-23T19:53:56Z;281954307;12.3682131;45.5190885
VENEZIA;CITTA' METROPOLITANA DI VENEZIA;Veneto;TES;2012;2012-10-23T19:53:56Z;281954307;12.3682131;45.5190885
VENEZIA;CITTA' METROPOLITANA DI VENEZIA;Veneto;VEN;2009;2009-11-11T11:45:19Z;281954079;12.2769999999999;45.44908
VENEZIA;CITTA' METROPOLITANA DI VENEZIA;Veneto;VEN;2009;2009-11-11T11:45:19Z;281954079;12.2769999999999;45.44908
ABANO TERME;PADOVA;Veneto;PDV;2009;2009-11-11T11:45:19Z;281954073;11.81808;45.36014
GAZZO;PADOVA;Veneto;;2015;2015-02-12T20:37:03Z;3346594923;11.6983693;45.5795492
PADOVA;PADOVA;Veneto;;2015;2015-02-12T11:43:14Z;3345580009;11.8561134999999;45.4271066
SAN PIETRO IN GU;PADOVA;Veneto;VIC;2009;2009-11-11T11:45:40Z;281954508;11.6763499999999;45.6373099999999
SAN PIETRO IN GU;PADOVA;Veneto;VIC;2010;2010-03-07T08:28:36Z;281954300;11.6763499999999;45.637289
ROSOLINA;ROVIGO;Veneto;CHI;2009;2009-11-11T11:45:39Z;281954519;12.28144;45.0712199999999
ROSOLINA;ROVIGO;Veneto;CHI;2010;2010-03-06T16:06:17Z;281954301;12.2814432999999;45.0712014
ROSOLINA;ROVIGO;Veneto;CHI;2012;2012-04-09T17:19:21Z;281954081;12.2813838;45.0718055999999
BASILIANO;UDINE;Friuli-Venezia Giulia;RIV;2009;2009-11-11T11:45:29Z;281954560;13.0883299999999;45.9958299999999
CAMINO AL TAGLIAMENTO;UDINE;Friuli-Venezia Giulia;RIV;2009;2009-11-11T11:45:21Z;281954103;12.94194;45.9352799999999
CASTIONS DI STRADA;UDINE;Friuli-Venezia Giulia;;2014;2014-08-11T20:10:08Z;3011168533;13.1658443;45.8514880999999
CERVIGNANO DEL FRIULI;UDINE;Friuli-Venezia Giulia;RON;2012;2012-06-07T07:51:38Z;281954111;13.3603878999999;45.8288026999999
LESTIZZA;UDINE;Friuli-Venezia Giulia;Rivolto (LIPI);2011;2011-09-09T08:20:50Z;1427757161;13.0499110999999;45.9758744
PORPETTO;UDINE;Friuli-Venezia Giulia;;2014;2014-08-11T20:10:13Z;3011099941;13.2056339;45.8637481
PORPETTO;UDINE;Friuli-Venezia Giulia;;2014;2014-08-11T20:10:13Z;3011168236;13.204736;45.8643150999999
UDINE;UDINE;Friuli-Venezia Giulia;;2011;2011-04-11T15:43:31Z;1241014984;13.2042061;46.0743711
MONFALCONE;GORIZIA;Friuli-Venezia Giulia;;2014;2014-08-11T23:08:20Z;3011574535;13.5614849999999;45.7995193
RONCHI DEI LEGIONARI;GORIZIA;Friuli-Venezia Giulia;RCH;2010;2010-03-07T12:08:18Z;281954554;13.48028;45.8298185
RONCHI DEI LEGIONARI;GORIZIA;Friuli-Venezia Giulia;RCH;2012;2012-09-04T11:14:21Z;281954326;13.48028;45.8298199999999
DUINO-AURISINA;TRIESTE;Friuli-Venezia Giulia;;2013;2013-05-07T09:57:09Z;2294530951;13.6205567999999;45.7909332999999
SAN DORLIGO DELLA VALLE;TRIESTE;Friuli-Venezia Giulia;WIND;2010;2010-05-16T18:09:13Z;736757828;13.8992036;45.6257196999999
TRIESTE;TRIESTE;Friuli-Venezia Giulia;;2015;2015-04-27T20:37:16Z;2993634036;13.7997785;45.7008066
TRIESTE;TRIESTE;Friuli-Venezia Giulia;;2015;2015-09-10T07:00:44Z;527532591;13.7365873;45.6314291999999
TRIESTE;TRIESTE;Friuli-Venezia Giulia;;2015;2015-09-10T07:00:44Z;527532735;13.7388477;45.6328529
TRIESTE;TRIESTE;Friuli-Venezia Giulia;;2015;2015-09-10T07:00:44Z;527532761;13.7379174;45.6372731
TRIESTE;TRIESTE;Friuli-Venezia Giulia;;2015;2015-09-10T07:00:44Z;527532868;13.7401453999999;45.6387385
TRIESTE;TRIESTE;Friuli-Venezia Giulia;;2015;2015-09-10T07:00:45Z;527532887;13.7390002;45.6442453
TRIESTE;TRIESTE;Friuli-Venezia Giulia;;2015;2015-09-10T07:00:45Z;527537170;13.7623243;45.6552113999999
TRIESTE;TRIESTE;Friuli-Venezia Giulia;;2015;2015-09-10T07:00:45Z;527541821;13.7570561999999;45.6640951999999
TRIESTE;TRIESTE;Friuli-Venezia Giulia;;2015;2015-09-10T07:00:45Z;527542847;13.7589220999999;45.6632273
TRIESTE;TRIESTE;Friuli-Venezia Giulia;Enel;2009;2009-12-29T11:46:07Z;600789935;13.8261495;45.650492
TRIESTE;TRIESTE;Friuli-Venezia Giulia;Fanale L. Rizzo;2015;2015-09-10T07:00:28Z;527532562;13.7398161;45.6173717
SAN GIORGIO PIACENTINO;PIACENZA;Emilia-Romagna;PIA;2009;2009-11-11T11:45:34Z;281954477;9.72056;44.91722
ALBARETO;PARMA;Emilia-Romagna;;2014;2014-10-26T20:16:25Z;3151503514;9.7528682;44.4664602
ALBARETO;PARMA;Emilia-Romagna;;2014;2014-10-26T20:16:25Z;3151503521;9.75304019999999;44.4666375999999
COLLECCHIO;PARMA;Emilia-Romagna;;2013;2013-03-24T22:04:57Z;2219791040;10.1340378;44.707517
FORNOVO DI TARO;PARMA;Emilia-Romagna;;2013;2013-01-08T17:20:25Z;2101799505;10.0847481;44.6436563
LANGHIRANO;PARMA;Emilia-Romagna;;2013;2013-02-09T23:03:30Z;2148362233;10.2954092;44.6820695999999
MEDESANO;PARMA;Emilia-Romagna;;2013;2013-01-21T12:14:49Z;2122448337;10.1440926;44.7602818
NOCETO;PARMA;Emilia-Romagna;;2013;2013-01-21T11:59:01Z;2122441216;10.1835345;44.8025734
NOCETO;PARMA;Emilia-Romagna;;2013;2013-01-23T13:42:58Z;2125096042;10.1948244;44.8162219
PARMA;PARMA;Emilia-Romagna;;2013;2013-01-11T11:22:11Z;2105487176;10.3020707999999;44.7632142
PARMA;PARMA;Emilia-Romagna;PAR;2009;2009-11-11T11:45:18Z;281954071;10.29327;44.82229
PELLEGRINO PARMENSE;PARMA;Emilia-Romagna;;2013;2013-01-29T22:38:37Z;2134284688;9.9321486;44.7285256999999
TIZZANO VAL PARMA;PARMA;Emilia-Romagna;;2011;2011-05-29T19:37:54Z;1305173494;10.2145609;44.5346785999999
REGGIO NELL'EMILIA;REGGIO EMILIA;Emilia-Romagna;;2013;2013-10-31T23:45:03Z;2515745099;10.5446907;44.7238823
FIORANO MODENESE;MODENA;Emilia-Romagna;;2013;2013-04-15T09:18:10Z;2268050110;10.8187389;44.5553013999999
FIORANO MODENESE;MODENA;Emilia-Romagna;;2013;2013-04-22T06:48:36Z;2276501718;10.8170603;44.5479586
FIORANO MODENESE;MODENA;Emilia-Romagna;Telecom;2013;2013-01-29T15:18:10Z;2133785786;10.8164753;44.5389407999999
ANZOLA DELL'EMILIA;CITTA' METROPOLITANA DI BOLOGNA;Emilia-Romagna;BOA;2009;2009-11-11T11:45:19Z;281954076;11.20024;44.5673099999999
BOLOGNA;CITTA' METROPOLITANA DI BOLOGNA;Emilia-Romagna;BOA;2010;2010-12-27T10:40:46Z;281954511;11.2906601;44.5370301
CASTEL SAN PIETRO TERME;CITTA' METROPOLITANA DI BOLOGNA;Emilia-Romagna;;2015;2015-05-05T13:59:52Z;3499169439;11.4859417;44.35934
MONGHIDORO;CITTA' METROPOLITANA DI BOLOGNA;Emilia-Romagna;Antenna GSM;2013;2013-07-05T00:49:51Z;2356282789;11.3574813;44.2213224999999
VALSAMOGGIA;CITTA' METROPOLITANA DI BOLOGNA;Emilia-Romagna;;2014;2014-01-28T21:23:55Z;2641467254;11.0711375;44.3413813
CERVIA;RAVENNA;Emilia-Romagna;CEV;2009;2009-11-11T11:45:39Z;281954517;12.35715;44.20646
RAVENNA;RAVENNA;Emilia-Romagna;;2010;2010-06-06T19:02:46Z;765971142;12.1718952;44.4219864
RAVENNA;RAVENNA;Emilia-Romagna;CEV;2013;2013-09-20T08:57:51Z;289854700;12.1799687;44.2678894
BAGNO DI ROMAGNA;FORLI';Emilia-Romagna;Antenna Rai;2010;2010-05-25T22:47:36Z;748572502;11.9702724;43.8305403
MONTEFELCINO;PESARO E URBINO;Marche;;2011;2011-10-26T22:12:24Z;1481732153;12.8041915999999;43.7714634
MONTEGRIMANO;PESARO E URBINO;Marche;Osservatorio Astronomico Mt San Lorenzo;2010;2010-05-10T20:10:11Z;728900504;12.4798197;43.8485913
ANCONA;ANCONA;Marche;;2012;2012-06-03T23:16:02Z;1775568223;13.526084;43.610827
ANCONA;ANCONA;Marche;;2012;2012-06-03T23:16:02Z;1775568240;13.5257409;43.611172
ANCONA;ANCONA;Marche;;2012;2012-06-03T23:16:03Z;1775568248;13.5263872;43.6112925999999
ANCONA;ANCONA;Marche;;2012;2012-06-03T23:16:03Z;1775568260;13.5257542;43.6115049
ANCONA;ANCONA;Marche;;2012;2012-06-03T23:16:03Z;1775568261;13.5245148;43.6116085999999
ANCONA;ANCONA;Marche;ANC;2014;2014-03-20T23:56:12Z;281954113;13.47222;43.5866699999999
FALCONARA MARITTIMA;ANCONA;Marche;FAL;2014;2014-03-21T00:03:01Z;281954112;13.37353;43.6282199999999
MONSANO;ANCONA;Marche;FAL;2014;2014-03-21T00:09:11Z;281954563;13.29953;43.57686
APIRO;MACERATA;Marche;;2012;2012-08-15T22:19:51Z;1867997703;13.0998097999999;43.4155033999999
CALDAROLA;MACERATA;Marche;Ripetitore Bozzolone;2012;2012-01-07T16:57:33Z;1581195083;13.2153025;43.1341486
CAMERINO;MACERATA;Marche;Ripetitore Cellulare;2011;2011-08-25T20:02:42Z;1412557866;13.1381645;43.1338142999999
CAMERINO;MACERATA;Marche;Ripetitore Cellulare;2011;2011-08-25T20:02:42Z;1412557867;13.1394246;43.1347618
COMANO;MASSA-CARRARA;Toscana;;2011;2011-01-07T14:32:35Z;1088365303;10.125484;44.3208705999999
COMANO;MASSA-CARRARA;Toscana;;2011;2011-01-07T14:32:47Z;1088365896;10.1252063;44.3205991999999
COMANO;MASSA-CARRARA;Toscana;;2011;2011-01-07T14:32:53Z;1088366139;10.1244774;44.3211073
COMANO;MASSA-CARRARA;Toscana;;2011;2011-01-07T14:33:16Z;1088367645;10.1245878;44.3208453
MASSA;MASSA-CARRARA;Toscana;;2015;2015-01-14T14:55:50Z;3287700994;10.1423158;44.0032483
BAGNO A RIPOLI;CITTA' METROPOLITANA DI FIRENZE;Toscana;;2016;2016-01-26T22:33:27Z;3969467498;11.3975816;43.7621467
BAGNO A RIPOLI;CITTA' METROPOLITANA DI FIRENZE;Toscana;;2016;2016-01-26T22:33:28Z;3969483197;11.3974803999999;43.7655572999999
BAGNO A RIPOLI;CITTA' METROPOLITANA DI FIRENZE;Toscana;Incontro;2010;2010-01-22T13:32:26Z;618058880;11.3774304;43.7511814
FIRENZUOLA;CITTA' METROPOLITANA DI FIRENZE;Toscana;;2010;2010-11-01T11:19:48Z;973611969;11.4368327;44.2228022999999
PONTASSIEVE;CITTA' METROPOLITANA DI FIRENZE;Toscana;antenna telefonia;2016;2016-02-02T15:51:03Z;3984343519;11.3972377;43.7927341999999
PONTASSIEVE;CITTA' METROPOLITANA DI FIRENZE;Toscana;Raiway;2016;2016-02-02T15:51:02Z;3984343517;11.4042781;43.8017301
PONTASSIEVE;CITTA' METROPOLITANA DI FIRENZE;Toscana;TV;2016;2016-02-02T15:51:02Z;3984343518;11.4045223999999;43.8018617
SESTO FIORENTINO;CITTA' METROPOLITANA DI FIRENZE;Toscana;PRT;2011;2011-10-07T19:56:14Z;281954503;11.2014195;43.8105307
CAPOLIVERI;LIVORNO;Toscana;ELB;2014;2014-06-22T10:00:55Z;281954048;10.3937729999999;42.7325424
CAPOLIVERI;LIVORNO;Toscana;ELB;2014;2014-06-22T10:00:55Z;281954286;10.3957297;42.7306603999999
CAPOLIVERI;LIVORNO;Toscana;ELB;2014;2014-06-22T10:00:55Z;281954485;10.3957277;42.7307036999999
PIOMBINO;LIVORNO;Toscana;;2015;2015-10-04T21:35:27Z;3772603007;10.6822128;42.9475436
PIOMBINO;LIVORNO;Toscana;;2015;2015-10-04T21:35:28Z;3772603010;10.6824663;42.9476032999999
PORTOFERRAIO;LIVORNO;Toscana;;2014;2014-03-26T18:00:46Z;2745525773;10.3903125;42.7949953999999
RIO NELL'ELBA;LIVORNO;Toscana;;2014;2014-03-26T18:00:46Z;2745525774;10.3920974;42.8003519
MONTOPOLI IN VAL D'ARNO;PISA;Toscana;Rete Ferroviaria Italiana - R/GSM;2011;2011-04-27T14:33:09Z;1262151414;10.757804;43.6903724
PISA;PISA;Toscana;;2015;2015-09-11T07:14:11Z;1949666083;10.4355183;43.7067233
PISA;PISA;Toscana;PIS;2014;2014-04-03T13:36:45Z;281954045;10.2970788;43.5892118
PISA;PISA;Toscana;PIS;2014;2014-04-14T15:23:17Z;281954282;10.3906667;43.6771278
SAN GIULIANO TERME;PISA;Toscana;PIN;2011;2011-03-21T11:01:26Z;281954505;10.4323769;43.7203424
VICOPISANO;PISA;Toscana;;2011;2011-11-02T12:22:46Z;1489459784;10.5540933999999;43.7126227999999
CETONA;SIENA;Toscana;Antenne;2011;2011-01-17T12:12:08Z;1107491510;11.8714499999999;42.9402499999999
SOVICILLE;SIENA;Toscana;SIE;2014;2014-05-14T16:14:34Z;281954284;11.2526621;43.252785
SOVICILLE;SIENA;Toscana;SIE;2014;2014-05-14T16:14:34Z;281954488;11.2526621;43.2528416999999
GROSSETO;GROSSETO;Toscana;GRO;2010;2010-10-03T16:31:21Z;281954047;11.0252234999999;42.7052236999999
GROSSETO;GROSSETO;Toscana;GRO;2014;2014-04-07T15:45:39Z;281954484;11.0773107;42.7608499999999
ISOLA DEL GIGLIO;GROSSETO;Toscana;Faro di Capel Rosso;2015;2015-09-13T07:17:39Z;270824306;10.9197484;42.3207543999999
ISOLA DEL GIGLIO;GROSSETO;Toscana;Faro di Punta del Fenaio;2013;2013-10-14T12:11:51Z;472459326;10.8811742;42.3882790999999
CASTIGLIONE DEL LAGO;PERUGIA;Umbria;;2011;2011-08-24T22:52:47Z;1411710410;12.0429529;43.0784470999999
GIANO DELL'UMBRIA;PERUGIA;Umbria;;2010;2010-08-13T20:08:57Z;859320634;12.564601;42.8050232
PERUGIA;PERUGIA;Umbria;;2012;2012-05-21T10:02:11Z;1760724676;12.3401692;43.0813078999999
PERUGIA;PERUGIA;Umbria;PRU;2009;2009-11-11T11:45:15Z;281954293;12.5118899999999;43.1017099999999
PERUGIA;PERUGIA;Umbria;PRU;2010;2010-02-26T17:18:13Z;281954499;12.5118931999999;43.1016774
BAGNOREGIO;VITERBO;Lazio;BOL;2009;2009-11-11T11:45:33Z;281954493;12.04861;42.61833
BAGNOREGIO;VITERBO;Lazio;BOL;2010;2010-02-26T17:09:58Z;281954287;12.0486132;42.618309
TARQUINIA;VITERBO;Lazio;TAQ;2009;2009-11-11T11:45:15Z;281954288;11.7325;42.215
TARQUINIA;VITERBO;Lazio;TAQ;2009;2009-11-11T11:45:20Z;281954052;11.72891;42.21396
TARQUINIA;VITERBO;Lazio;TAQ;2010;2010-02-26T16:52:15Z;281954487;11.7325031;42.214979
CONFIGNI;RIETI;Lazio;;2011;2011-09-16T16:11:15Z;1432207700;12.6305954;42.4102915
CAMPAGNANO DI ROMA;CITTA' METROPOLITANA DI ROMA CAPITALE;Lazio;CMP;2009;2009-11-11T11:45:16Z;281954290;12.38147;42.1238099999999
CAMPAGNANO DI ROMA;CITTA' METROPOLITANA DI ROMA CAPITALE;Lazio;CMP;2009;2009-11-11T11:45:20Z;281954061;12.38039;42.1249499999999
CAMPAGNANO DI ROMA;CITTA' METROPOLITANA DI ROMA CAPITALE;Lazio;CMP;2010;2010-02-26T16:52:14Z;281954490;12.3814668999999;42.1237866999999
CAPRANICA PRENESTINA;CITTA' METROPOLITANA DI ROMA CAPITALE;Lazio;;2012;2012-08-24T18:31:51Z;1881246097;12.9299453999999;41.9120403
CERVETERI;CITTA' METROPOLITANA DI ROMA CAPITALE;Lazio;;2015;2015-03-24T10:04:15Z;3415630538;12.0483761;41.9794908
GUIDONIA MONTECELIO;CITTA' METROPOLITANA DI ROMA CAPITALE;Lazio;GUI;2009;2009-11-11T11:45:18Z;281954070;12.73889;41.99972
GUIDONIA MONTECELIO;CITTA' METROPOLITANA DI ROMA CAPITALE;Lazio;GUI;2009;2009-11-11T11:45:18Z;281954070;12.73889;41.99972
POMEZIA;CITTA' METROPOLITANA DI ROMA CAPITALE;Lazio;PRA;2009;2009-11-11T11:45:20Z;281954063;12.45284;41.67972
POMEZIA;CITTA' METROPOLITANA DI ROMA CAPITALE;Lazio;TPR;2009;2009-11-11T11:45:33Z;281954491;12.49377;41.6215699999999
ROMA;CITTA' METROPOLITANA DI ROMA CAPITALE;Lazio;CIA;2009;2009-11-11T11:45:20Z;281954058;12.56081;41.8649399999999
ROMA;CITTA' METROPOLITANA DI ROMA CAPITALE;Lazio;CIA;2009;2009-11-11T11:45:20Z;281954058;12.56081;41.8649399999999
ROMA;CITTA' METROPOLITANA DI ROMA CAPITALE;Lazio;FE;2009;2009-11-11T11:45:20Z;281954053;12.35108;41.83142
ROMA;CITTA' METROPOLITANA DI ROMA CAPITALE;Lazio;FE;2009;2009-11-11T11:45:20Z;281954053;12.35108;41.83142
ROMA;CITTA' METROPOLITANA DI ROMA CAPITALE;Lazio;ROM;2011;2011-01-07T10:54:44Z;281954500;12.5880071;41.8046695
ROMA;CITTA' METROPOLITANA DI ROMA CAPITALE;Lazio;ROM;2011;2011-01-07T10:54:44Z;281954500;12.5880071;41.8046695
ROMA;CITTA' METROPOLITANA DI ROMA CAPITALE;Lazio;URB;2009;2009-11-11T11:45:20Z;281954056;12.49011;41.94511
ROMA;CITTA' METROPOLITANA DI ROMA CAPITALE;Lazio;URB;2009;2009-11-11T11:45:20Z;281954056;12.49011;41.94511
VELLETRI;CITTA' METROPOLITANA DI ROMA CAPITALE;Lazio;;2010;2010-03-16T15:42:31Z;667365735;12.7823216;41.7188026999999
VELLETRI;CITTA' METROPOLITANA DI ROMA CAPITALE;Lazio;;2010;2010-10-17T13:42:58Z;954628823;12.7548479;41.7031891999999
VELLETRI;CITTA' METROPOLITANA DI ROMA CAPITALE;Lazio;;2010;2010-10-17T13:42:58Z;954628825;12.7549762;41.7037819
VELLETRI;CITTA' METROPOLITANA DI ROMA CAPITALE;Lazio;;2010;2010-10-17T13:42:58Z;954628827;12.7549271999999;41.7026783
SAN CESAREO;CITTA' METROPOLITANA DI ROMA CAPITALE;Lazio;;2012;2012-06-09T14:26:34Z;1781608162;12.7744892;41.833404
FIUMICINO;CITTA' METROPOLITANA DI ROMA CAPITALE;Lazio;FW;2009;2009-11-11T11:45:19Z;281954050;12.1987799999999;41.8808599999999
FIUMICINO;CITTA' METROPOLITANA DI ROMA CAPITALE;Lazio;OST;2009;2009-11-11T11:45:15Z;281954291;12.2375;41.8038099999999
FIUMICINO;CITTA' METROPOLITANA DI ROMA CAPITALE;Lazio;OST;2009;2009-11-11T11:45:20Z;281954055;12.23642;41.8051699999999
FIUMICINO;CITTA' METROPOLITANA DI ROMA CAPITALE;Lazio;OST;2010;2010-02-26T16:52:14Z;281954494;12.2375031;41.8037819999999
LATINA;LATINA;Lazio;LAT;2009;2009-11-11T11:45:21Z;281954102;12.94361;41.5244399999999
LATINA;LATINA;Lazio;LAT;2009;2009-11-11T11:45:38Z;281954543;12.91808;41.5411199999999
LATINA;LATINA;Lazio;LAT;2010;2010-02-26T16:26:11Z;281954320;12.91808;41.5410897
PROSSEDI;LATINA;Lazio;;2011;2011-04-17T21:09:15Z;1249053609;13.2708455999999;41.4912691999999
PROSSEDI;LATINA;Lazio;;2012;2012-01-21T13:02:26Z;1538084305;13.2702956;41.5146906
SEZZE;LATINA;Lazio;;2011;2011-09-07T21:35:37Z;1426544439;13.0795336;41.4919918
SEZZE;LATINA;Lazio;;2011;2011-09-07T21:35:37Z;1426544443;13.078989;41.4922515
FROSINONE;FROSINONE;Lazio;;2011;2011-12-09T12:35:56Z;1538084361;13.2954901;41.6113179999999
FROSINONE;FROSINONE;Lazio;FRS;2009;2009-11-11T11:45:21Z;281954101;13.28972;41.6438899999999
FROSINONE;FROSINONE;Lazio;FRS;2009;2009-11-11T11:45:29Z;281954329;13.295;41.64222
FROSINONE;FROSINONE;Lazio;FRS;2010;2010-02-26T16:26:11Z;281954561;13.2950062;41.6421989999999
GRAZZANISE;CASERTA;Campania;GRA;2009;2009-11-11T11:45:22Z;281954105;14.08348;41.0572
GRAZZANISE;CASERTA;Campania;GRA;2009;2009-11-11T11:45:37Z;281954557;14.08872;41.06002
ROCCAMONFINA;CASERTA;Campania;TEA;2009;2009-11-11T11:45:18Z;281954114;13.97167;41.29583
ROCCAMONFINA;CASERTA;Campania;TEA;2009;2009-11-11T11:45:30Z;281954325;13.97068;41.29677
ROCCAMONFINA;CASERTA;Campania;TEA;2010;2010-02-26T16:26:11Z;281954555;13.9706831;41.296742
ACERRA;CITTA' METROPOLITANA DI NAPOLI;Campania;POM;2009;2009-11-11T11:45:23Z;281954095;14.38306;40.9286099999999
ACERRA;CITTA' METROPOLITANA DI NAPOLI;Campania;POM;2009;2009-11-11T11:45:37Z;281954528;14.3835599999999;40.92819
ACERRA;CITTA' METROPOLITANA DI NAPOLI;Campania;POM;2010;2010-02-26T16:18:23Z;281954310;14.3835446;40.9282203
MASSA LUBRENSE;CITTA' METROPOLITANA DI NAPOLI;Campania;SOR;2015;2015-12-10T09:21:00Z;281954314;14.3350539;40.5824489
NAPOLI;CITTA' METROPOLITANA DI NAPOLI;Campania;NPC;2009;2009-11-11T11:45:37Z;281954531;14.28358;40.8843299999999
PISCIOTTA;SALERNO;Campania;;2013;2013-08-01T19:36:45Z;1845876122;15.2248088999999;40.1037262999999
PISCIOTTA;SALERNO;Campania;;2013;2013-08-01T19:36:45Z;2404059375;15.2239004999999;40.1029081
LUCOLI;L'AQUILA;Abruzzo;;2014;2014-03-22T19:57:36Z;2734738514;13.4169444;42.2339688
PERETO;L'AQUILA;Abruzzo;;2012;2012-11-17T20:47:19Z;2018677874;13.1772747;42.0577072
BUSSI SUL TIRINO;PESCARA;Abruzzo;;2013;2013-01-20T14:49:18Z;2121129761;13.8436992;42.2254647
PESCARA;PESCARA;Abruzzo;PES;2013;2013-06-12T12:28:21Z;281954335;14.1843064;42.4358701999999
PESCARA;PESCARA;Abruzzo;PES;2013;2013-06-12T12:28:21Z;281954558;14.1843342;42.4359108
SALLE;PESCARA;Abruzzo;Ponte freddo per telecomunicazioni;2013;2013-02-10T11:22:01Z;2148851600;13.9510048;42.1485707
CASTIGLIONE MESSER MARINO;CHIETI;Abruzzo;;2016;2016-02-14T19:18:23Z;4006157669;14.4171841999999;41.8828018999999
VASTO;CHIETI;Abruzzo;Mariradar di Punta Penna;2016;2016-01-03T08:35:57Z;3921852227;14.7150131;42.173096
CAMPOBASSO;CAMPOBASSO;Molise;;2015;2015-10-21T07:08:22Z;3796524844;14.6589639999999;41.5585293999999
CAMPOBASSO;CAMPOBASSO;Molise;;2015;2015-11-19T09:13:22Z;3844247210;14.6282194;41.5692406
CAMPOBASSO;CAMPOBASSO;Molise;;2015;2015-12-12T20:10:14Z;3889521829;14.6729115;41.5874947
CAMPOBASSO;CAMPOBASSO;Molise;;2015;2015-12-12T20:10:15Z;2724366066;14.6734095999999;41.5889548
CASACALENDA;CAMPOBASSO;Molise;;2015;2015-11-15T15:27:21Z;3837434011;14.8149877;41.7918916
CASACALENDA;CAMPOBASSO;Molise;;2015;2015-11-15T15:31:18Z;3837437464;14.8139989;41.7905465999999
CASTELMAURO;CAMPOBASSO;Molise;;2011;2011-04-20T16:12:24Z;1252570945;14.6938183;41.8332105
FOSSALTO;CAMPOBASSO;Molise;;2015;2015-12-08T19:57:44Z;3883873528;14.5864066;41.6484932999999
GUARDIALFIERA;CAMPOBASSO;Molise;;2015;2015-12-05T18:53:48Z;3878786831;14.8347484;41.8278766
GUARDIALFIERA;CAMPOBASSO;Molise;;2015;2015-12-12T19:46:43Z;3889505407;14.8502823;41.8381191
GUGLIONESI;CAMPOBASSO;Molise;;2011;2011-02-13T21:17:19Z;1151773406;14.8836907;41.8631814
GUGLIONESI;CAMPOBASSO;Molise;;2015;2015-12-15T08:41:27Z;3893050246;14.9076346;41.9179058
JELSI;CAMPOBASSO;Molise;;2015;2015-11-15T14:48:31Z;3837365077;14.7890861;41.5190332
LIMOSANO;CAMPOBASSO;Molise;;2015;2015-09-12T17:06:06Z;3740390191;14.6332235;41.6581532
LUCITO;CAMPOBASSO;Molise;;2015;2015-09-12T17:07:26Z;3740381747;14.6588118;41.7050123
MATRICE;CAMPOBASSO;Molise;;2014;2014-12-05T17:03:47Z;3220476083;14.7048783;41.6168406999999
MONTAGANO;CAMPOBASSO;Molise;;2015;2015-12-05T18:40:24Z;3878757422;14.6458078;41.6473796
MONTAGANO;CAMPOBASSO;Molise;Telecom Italia;2010;2010-08-02T07:57:06Z;843032138;14.6806842999999;41.6423534999999
MONTENERO DI BISACCIA;CAMPOBASSO;Molise;;2016;2016-01-10T15:22:51Z;3937805874;14.7809268;41.9569170999999
MONTENERO DI BISACCIA;CAMPOBASSO;Molise;;2016;2016-01-10T15:22:51Z;3937805875;14.7809703;41.9569417
MORRONE DEL SANNIO;CAMPOBASSO;Molise;;2015;2015-11-19T09:22:40Z;3844256882;14.7662045;41.7362191
MORRONE DEL SANNIO;CAMPOBASSO;Molise;;2015;2015-12-05T18:41:44Z;3878773852;14.7941524;41.7099143
PETRELLA TIFERNINA;CAMPOBASSO;Molise;;2015;2015-12-12T20:10:14Z;3889521831;14.682871;41.7161164999999
RICCIA;CAMPOBASSO;Molise;;2014;2014-11-15T18:36:28Z;3188830530;14.8369570999999;41.5273522999999
RICCIA;CAMPOBASSO;Molise;;2014;2014-11-15T18:36:29Z;3188830546;14.8369076999999;41.5275131
RICCIA;CAMPOBASSO;Molise;;2014;2014-11-15T18:36:29Z;3188830563;14.8371698999999;41.5277808
RICCIA;CAMPOBASSO;Molise;;2014;2014-11-15T18:36:29Z;3188830570;14.8374899;41.5279297
RIPALIMOSANI;CAMPOBASSO;Molise;;2015;2015-12-25T20:36:17Z;3909647900;14.6657043;41.5918764999999
SALCITO;CAMPOBASSO;Molise;;2015;2015-12-08T20:05:44Z;3883879609;14.4979663;41.7378615
SAN GIACOMO DEGLI SCHIAVONI;CAMPOBASSO;Molise;;2015;2015-12-15T08:32:46Z;3893042287;14.944817;41.9592646999999
TERMOLI;CAMPOBASSO;Molise;;2014;2014-06-07T17:53:12Z;913214849;15.0194183;41.9762793
CAGNANO VARANO;FOGGIA;Puglia;;2012;2012-02-05T18:42:26Z;288234270;15.667445;41.9226531999999
CAGNANO VARANO;FOGGIA;Puglia;;2013;2013-04-03T09:06:53Z;288234183;15.6666718;41.9228659999999
CERIGNOLA;FOGGIA;Puglia;;2010;2010-12-28T12:48:12Z;1069097469;15.9017684;41.2659156
DELICETO;FOGGIA;Puglia;;2016;2016-02-14T20:56:47Z;4006314178;15.422809;41.2384307
FOGGIA;FOGGIA;Puglia;FOG;2009;2009-11-11T11:45:22Z;281954106;15.53139;41.43083
FOGGIA;FOGGIA;Puglia;FOG;2009;2009-11-11T11:45:29Z;281954334;15.53137;41.42947
FOGGIA;FOGGIA;Puglia;ORT;2009;2009-11-11T11:45:28Z;281954566;15.78417;41.39972
ISCHITELLA;FOGGIA;Puglia;;2012;2012-09-21T17:20:31Z;288233156;15.7955877;41.9223466999999
ISCHITELLA;FOGGIA;Puglia;;2013;2013-04-03T09:06:52Z;288233320;15.7954138;41.9217125999999
MANFREDONIA;FOGGIA;Puglia;AME;2009;2009-11-11T11:45:22Z;281954107;15.8378099999999;41.4999499999999
MONTE SANT'ANGELO;FOGGIA;Puglia;;2010;2010-02-20T17:27:24Z;648277696;15.9209502999999;41.7091028999999
MOTTA MONTECORVINO;FOGGIA;Puglia;Telecom;2010;2010-05-21T21:24:15Z;743376553;15.1156821;41.5075949
PESCHICI;FOGGIA;Puglia;VIE;2009;2009-11-11T11:45:22Z;281954109;16.05111;41.91333
PESCHICI;FOGGIA;Puglia;VIE;2009;2009-11-11T11:45:28Z;281954570;16.04908;41.91286
PESCHICI;FOGGIA;Puglia;VIE;2010;2010-02-26T16:52:14Z;281954333;16.0490768999999;41.9128297
SAN GIOVANNI ROTONDO;FOGGIA;Puglia;MNL;2009;2009-11-11T11:45:28Z;281954567;15.70998;41.5379
ACQUAVIVA DELLE FONTI;CITTA' METROPOLITANA DI BARI;Puglia;;2012;2012-01-16T10:04:08Z;1592465577;16.8452047;40.9463306999999
BARI;CITTA' METROPOLITANA DI BARI;Puglia;Bar;2014;2014-05-20T17:34:13Z;281954568;16.7763202999999;41.1441735
BARI;CITTA' METROPOLITANA DI BARI;Puglia;BAR;2009;2009-11-11T11:45:30Z;281954330;16.7764446;41.1442383999999
BARI;CITTA' METROPOLITANA DI BARI;Puglia;GSM-R di RFI;2016;2016-02-16T19:04:57Z;4009872571;16.9497107999999;41.0975115
GIOIA DEL COLLE;CITTA' METROPOLITANA DI BARI;Puglia;GIO;2009;2009-11-11T11:45:21Z;281954098;16.9013099999999;40.80019
GIOIA DEL COLLE;CITTA' METROPOLITANA DI BARI;Puglia;GIO;2009;2009-11-11T11:45:36Z;281954548;16.90126;40.8012599999999
GIOIA DEL COLLE;CITTA' METROPOLITANA DI BARI;Puglia;Telecom;2012;2012-11-20T13:50:09Z;2023063162;16.9200252999999;40.8031245
GIOVINAZZO;CITTA' METROPOLITANA DI BARI;Puglia;;2009;2009-08-23T19:38:17Z;472384323;16.6724496;41.1913963
GIOVINAZZO;CITTA' METROPOLITANA DI BARI;Puglia;;2012;2012-02-05T16:50:01Z;472384334;16.6724035;41.1905105
TERLIZZI;CITTA' METROPOLITANA DI BARI;Puglia;;2011;2011-08-05T12:50:12Z;1387453002;16.5463822;41.1264641
TERLIZZI;CITTA' METROPOLITANA DI BARI;Puglia;;2011;2011-08-05T12:50:12Z;1387453005;16.5510574;41.1349692
CRISPIANO;TARANTO;Puglia;;2015;2015-12-01T17:01:43Z;3867903443;17.2417431999999;40.6057222
CRISPIANO;TARANTO;Puglia;;2016;2016-02-13T19:11:02Z;4004586691;17.2838600999999;40.5797839999999
GROTTAGLIE;TARANTO;Puglia;GRT;2013;2013-05-19T18:02:07Z;281954538;17.3997153;40.5145427
MONTEPARANO;TARANTO;Puglia;GRT;2009;2009-11-11T11:45:21Z;281954097;17.4221399999999;40.4458899999999
BRINDISI;BRINDISI;Puglia;BRD;2009;2009-11-11T11:45:30Z;281954323;18.0029265;40.6108383999999
BRINDISI;BRINDISI;Puglia;BRD;2009;2009-11-11T11:45:38Z;281954540;18.0028599999999;40.6108383999999
BRINDISI;BRINDISI;Puglia;BRD;2015;2015-05-09T17:56:18Z;281954104;18.0088505999999;40.6054719999999
GALATINA;LECCE;Puglia;;2012;2012-01-20T08:19:21Z;1598649191;18.1891117999999;40.1585621999999
LEQUILE;LECCE;Puglia;LCC;2009;2009-11-11T11:45:30Z;281954321;18.13073;40.24729
LEQUILE;LECCE;Puglia;LCC;2009;2009-11-11T11:45:38Z;281954541;18.1307;40.24842
AVIGLIANO;POTENZA;Basilicata;;2013;2013-08-29T12:20:20Z;2437004204;15.7468749;40.7610285
MELFI;POTENZA;Basilicata;;2013;2013-10-14T18:14:07Z;2496484654;15.6034004999999;40.9552006999999
CENADI;CATANZARO;Calabria;CDC;2009;2009-11-11T11:45:30Z;281954316;16.36914;38.75587
CENADI;CATANZARO;Calabria;CDC;2010;2010-02-26T15:52:54Z;281954546;16.369143;38.7558444
LAMEZIA TERME;CATANZARO;Calabria;;2014;2014-11-17T06:41:09Z;3191138788;16.3172774999999;38.9696118
LAMEZIA TERME;CATANZARO;Calabria;LMT;2009;2009-11-11T11:45:31Z;281954315;16.26499;38.90283
LAMEZIA TERME;CATANZARO;Calabria;LMT;2010;2010-02-26T15:52:54Z;281954544;16.264993;38.9028044
ANTONIMINA;CITTA' METROPOLITANA DI REGGIO CALABRIA;Calabria;Ripetitore;2012;2012-06-03T17:56:21Z;1775113562;16.1130850999999;38.2990424999999
REGGIO DI CALABRIA;CITTA' METROPOLITANA DI REGGIO CALABRIA;Calabria;RCA;2009;2009-11-11T11:45:21Z;281954099;15.65027;38.01292
REGGIO DI CALABRIA;CITTA' METROPOLITANA DI REGGIO CALABRIA;Calabria;RCA;2009;2009-11-11T11:45:38Z;281954532;15.64549;38.0758399999999
REGGIO DI CALABRIA;CITTA' METROPOLITANA DI REGGIO CALABRIA;Calabria;RCA;2010;2010-02-26T15:47:09Z;281954319;15.64549;38.0758119999999
MAZARA DEL VALLO;TRAPANI;Sicilia;;2011;2011-01-20T20:55:43Z;468412361;12.6130036;37.6697291999999
PANTELLERIA;TRAPANI;Sicilia;PAN;2009;2009-11-11T11:45:25Z;281954025;11.961;36.81136
PANTELLERIA;TRAPANI;Sicilia;PAN;2011;2011-06-14T16:46:05Z;281954264;11.9651631999999;36.8141273
PANTELLERIA;TRAPANI;Sicilia;PAN;2014;2014-02-26T13:29:24Z;281954452;11.9657749;36.8144581999999
TRAPANI;TRAPANI;Sicilia;TRP;2009;2009-11-11T11:45:24Z;281954026;12.49297;37.91433
TRAPANI;TRAPANI;Sicilia;TRP;2011;2011-06-14T16:46:09Z;281954453;12.5132235;37.8959612
CINISI;CITTA' METROPOLITANA DI PALERMO;Sicilia;PRS;2009;2009-11-11T11:45:23Z;281954086;13.10913;38.18939
CINISI;CITTA' METROPOLITANA DI PALERMO;Sicilia;PRS;2011;2011-06-14T16:46:09Z;281954521;13.07996;38.1721001
CINISI;CITTA' METROPOLITANA DI PALERMO;Sicilia;PRS;2014;2014-01-13T22:29:03Z;281954306;13.07996;38.1721
MONREALE;CITTA' METROPOLITANA DI PALERMO;Sicilia;PAL;2009;2009-11-11T11:45:20Z;281954096;13.17736;38.0342699999999
MONREALE;CITTA' METROPOLITANA DI PALERMO;Sicilia;PAL;2009;2009-11-11T11:45:31Z;281954312;13.1774299999999;38.0339499999999
MONREALE;CITTA' METROPOLITANA DI PALERMO;Sicilia;PAL;2010;2010-02-26T15:47:08Z;281954520;13.177427;38.0340058999999
CESARO';CITTA' METROPOLITANA DI MESSINA;Sicilia;RAI;2011;2011-01-07T22:43:39Z;1089468568;14.694069;37.9310213999999
CESARO';CITTA' METROPOLITANA DI MESSINA;Sicilia;RAI;2011;2011-01-07T22:43:47Z;1089468997;14.6946627;37.9309949
CESARO';CITTA' METROPOLITANA DI MESSINA;Sicilia;RAI;2011;2011-01-07T22:43:48Z;1089469071;14.6939717;37.9313387999999
CESARO';CITTA' METROPOLITANA DI MESSINA;Sicilia;RAI;2011;2011-01-07T22:43:50Z;1089469189;14.6944178;37.9314261
CESARO';CITTA' METROPOLITANA DI MESSINA;Sicilia;RAI;2011;2011-01-07T22:44:10Z;1089470752;14.694666;37.9315848999999
MILAZZO;CITTA' METROPOLITANA DI MESSINA;Sicilia;;2014;2014-04-08T13:27:47Z;2777148103;15.2385497;38.2529900999999
MILAZZO;CITTA' METROPOLITANA DI MESSINA;Sicilia;;2014;2014-04-08T13:27:51Z;1513369591;15.2384055;38.2528356999999
ROMETTA;CITTA' METROPOLITANA DI MESSINA;Sicilia;;2013;2013-07-05T12:44:20Z;2374973212;15.4214026;38.1959171
LAMPEDUSA E LINOSA;AGRIGENTO;Sicilia;;2014;2014-09-04T09:29:43Z;2374973154;12.8653888999999;35.8612484
CASTIGLIONE DI SICILIA;CITTA' METROPOLITANA DI CATANIA;Sicilia;;2012;2012-10-16T18:36:52Z;1968778601;15.1267125999999;37.8721453
CATANIA;CITTA' METROPOLITANA DI CATANIA;Sicilia;;2011;2011-02-27T10:17:45Z;1176881698;15.0989416999999;37.491374
CATANIA;CITTA' METROPOLITANA DI CATANIA;Sicilia;;2015;2015-09-11T11:15:54Z;1176881703;15.0958047;37.4914165
CATANIA;CITTA' METROPOLITANA DI CATANIA;Sicilia;CAT;2009;2009-11-11T11:45:23Z;281954094;14.9657;37.4568799999999
CATANIA;CITTA' METROPOLITANA DI CATANIA;Sicilia;CAT;2009;2009-11-11T11:45:31Z;281954311;14.96932;37.45618
CATANIA;CITTA' METROPOLITANA DI CATANIA;Sicilia;CAT;2010;2010-02-26T15:47:09Z;281954537;14.96932;37.4561264
CATANIA;CITTA' METROPOLITANA DI CATANIA;Sicilia;CTF;2009;2009-11-11T11:45:21Z;281954100;15.06256;37.4636399999999
CATANIA;CITTA' METROPOLITANA DI CATANIA;Sicilia;CTF;2010;2010-01-10T19:05:05Z;281954318;15.0623296999999;37.4644053
CATANIA;CITTA' METROPOLITANA DI CATANIA;Sicilia;CTF;2010;2010-01-10T19:05:05Z;281954534;15.0622249;37.4644053
CATANIA;CITTA' METROPOLITANA DI CATANIA;Sicilia;SIG;2012;2012-06-11T13:51:44Z;281954093;14.9715469;37.3958299999999
CATANIA;CITTA' METROPOLITANA DI CATANIA;Sicilia;SIG;2012;2012-06-11T13:51:44Z;281954535;14.9709686;37.3959298999999
RAGUSA;RAGUSA;Sicilia;;2013;2013-05-09T22:16:02Z;2297654291;14.5474143;36.7789799999999
RAGUSA;RAGUSA;Sicilia;;2013;2013-05-09T22:16:16Z;2297654373;14.5484711;36.7779144
BUCCHERI;SIRACUSA;Sicilia;;2011;2011-03-02T03:04:56Z;1182002299;14.8211536;37.1158512
BUCCHERI;SIRACUSA;Sicilia;;2011;2011-03-02T03:04:57Z;1182002359;14.820479;37.1170297
BUCCHERI;SIRACUSA;Sicilia;;2011;2011-03-02T03:05:00Z;1182002487;14.8212250999999;37.1164701
BUCCHERI;SIRACUSA;Sicilia;;2011;2011-03-02T03:05:02Z;1182002568;14.8209385;37.1167232999999
BUCCHERI;SIRACUSA;Sicilia;;2011;2011-03-02T03:05:04Z;1182002673;14.8185299;37.1165730999999
BUCCHERI;SIRACUSA;Sicilia;;2011;2011-03-02T03:05:05Z;1182002729;14.8197569999999;37.1163324999999
BUCCHERI;SIRACUSA;Sicilia;;2011;2011-03-02T03:05:05Z;1182002739;14.820822;37.1162071999999
BUCCHERI;SIRACUSA;Sicilia;;2011;2011-03-02T03:05:05Z;1182002742;14.8192552;37.1171745999999
BUCCHERI;SIRACUSA;Sicilia;;2011;2011-03-02T03:05:05Z;1182002749;14.8289034999999;37.1267556999999
BUCCHERI;SIRACUSA;Sicilia;;2011;2011-03-02T03:05:07Z;1182002847;14.819115;37.1168886
BUCCHERI;SIRACUSA;Sicilia;;2011;2011-03-02T03:05:08Z;1182002855;14.8200682;37.1159137
LENTINI;SIRACUSA;Sicilia;ILS;2012;2012-06-18T21:31:41Z;1793692359;14.9129415;37.401291
LENTINI;SIRACUSA;Sicilia;NSY;2009;2009-11-11T11:45:39Z;281954526;14.92139;37.40028
ALGHERO;SASSARI;Sardegna;AHO;2009;2009-11-11T11:45:35Z;281954436;8.28944;40.63611
ALGHERO;SASSARI;Sardegna;ALG;2010;2010-02-20T21:57:12Z;281954259;8.24389;40.6280653
ALGHERO;SASSARI;Sardegna;ALG;2010;2010-02-20T21:57:12Z;281954434;8.24389;40.6279906999999
ALGHERO;SASSARI;Sardegna;ALG;2013;2013-02-26T17:41:48Z;281954019;8.2916424;40.6399718999999
NUORO;NUORO;Sardegna;;2014;2014-01-11T09:16:07Z;2618304029;9.3732229;40.323238
NUORO;NUORO;Sardegna;;2014;2014-01-11T09:16:07Z;2618304040;9.3731922;40.3233116999999
NUORO;NUORO;Sardegna;;2014;2014-01-11T09:16:07Z;2618304043;9.3732634;40.3233121999999
NUORO;NUORO;Sardegna;Antenne Televisive;2013;2013-08-09T12:50:50Z;2411971504;9.37250049999999;40.3227095
CAGLIARI;CAGLIARI;Sardegna;CAG;2009;2009-11-11T11:45:25Z;281954021;9.09747;39.21464
CAGLIARI;CAGLIARI;Sardegna;CAG;2009;2009-11-11T11:45:25Z;281954021;9.09747;39.21464
CAGLIARI;CAGLIARI;Sardegna;CAG;2009;2009-11-11T11:45:25Z;281954021;9.09747;39.21464
SAN NICOLO' GERREI;CAGLIARI;Sardegna;Ripetitore;2011;2011-12-08T14:25:14Z;1536670054;9.2790698;39.4983997
VILLASIMIUS;CAGLIARI;Sardegna;CAR;2009;2009-11-11T11:45:25Z;281954023;9.50916999999999;39.1116699999999
VILLASIMIUS;CAGLIARI;Sardegna;CAR;2009;2009-11-11T11:45:36Z;281954443;9.50806;39.11139
VILLASIMIUS;CAGLIARI;Sardegna;CAR;2010;2010-02-20T21:27:32Z;281954263;9.50806;39.1112401
VILLASOR;CAGLIARI;Sardegna;DEC;2009;2009-11-11T11:45:25Z;281954020;8.97417;39.36361
VILLASOR;CAGLIARI;Sardegna;DEC;2009;2009-11-11T11:45:35Z;281954437;8.96556;39.38111
ELMAS;CAGLIARI;Sardegna;CAG;2009;2009-11-11T11:45:14Z;281954260;9.05408;39.249
ELMAS;CAGLIARI;Sardegna;CAG;2009;2009-11-11T11:45:14Z;281954260;9.05408;39.249
AVIANO;PORDENONE;Friuli-Venezia Giulia;AVI;2009;2009-11-11T11:45:38Z;281954514;12.58688;46.02787
FIUME VENETO;PORDENONE;Friuli-Venezia Giulia;Ripetitore GSM/UMTS;2012;2012-09-18T13:28:24Z;424771294;12.7487229;45.9277272
MORSANO AL TAGLIAMENTO;PORDENONE;Friuli-Venezia Giulia;;2013;2013-10-10T17:37:32Z;2491378426;12.9411237;45.8298082
PORDENONE;PORDENONE;Friuli-Venezia Giulia;Torre radio;2009;2009-09-21T17:56:43Z;504468938;12.6442213999999;45.9671664999999
PRAVISDOMINI;PORDENONE;Friuli-Venezia Giulia;Cell wi-max Eolo;2013;2013-04-28T21:06:02Z;2284964559;12.6841838;45.8007347
ROVEREDO IN PIANO;PORDENONE;Friuli-Venezia Giulia;;2013;2013-03-18T22:36:23Z;2209136012;12.6019557;46.0161992999999
BAGNOLI DEL TRIGNO;ISERNIA;Molise;;2015;2015-12-25T20:34:52Z;3909644874;14.4569495;41.6994994
CERRIONE;BIELLA;Piemonte;BLA;2009;2009-11-11T11:45:35Z;281954461;8.10058;45.4942199999999
PIATTO;BIELLA;Piemonte;BTS TIM;2014;2014-08-08T08:54:06Z;3004239034;8.0878463;45.6618794999999
PIATTO;BIELLA;Piemonte;BTS TIM;2014;2014-08-08T08:54:06Z;3004239035;8.0818657;45.6657127
PIATTO;BIELLA;Piemonte;BTS TIM;2014;2014-08-08T15:29:33Z;3005115867;8.0818657;45.6657127
PIATTO;BIELLA;Piemonte;BTS Vodafone;2014;2014-08-08T08:54:06Z;3004239036;8.08794239999999;45.6624480999999
PIATTO;BIELLA;Piemonte;BTS Vodafone;2014;2014-08-08T08:54:06Z;3004239037;8.0819141;45.6657348999999
PIATTO;BIELLA;Piemonte;BTS Vodafone;2014;2014-08-08T15:29:33Z;3005115868;8.08794239999999;45.6624480999999
PIATTO;BIELLA;Piemonte;BTS Vodafone;2014;2014-08-08T15:29:33Z;3005115869;8.0819141;45.6657348999999
PIATTO;BIELLA;Piemonte;BTS Wind;2014;2014-08-08T08:54:06Z;3004239038;8.08787049999999;45.660718
POLLONE;BIELLA;Piemonte;;2011;2011-10-17T19:41:00Z;1471118034;7.9726853;45.5912894
SALUSSOLA;BIELLA;Piemonte;;2011;2011-06-27T21:54:04Z;1341727295;8.1154933;45.4365712
SALUSSOLA;BIELLA;Piemonte;BLA;2009;2009-11-11T11:45:24Z;281954031;8.12332999999999;45.46222
GALBIATE;LECCO;Lombardia;;2012;2012-10-01T09:37:38Z;1922646106;9.3748431;45.8306110999999
BREMBIO;LODI;Lombardia;COD;2009;2009-11-11T11:45:26Z;281954043;9.54116999999999;45.22626
RIMINI;RIMINI;Emilia-Romagna;RIM;2009;2009-11-11T11:45:23Z;281954089;12.506;44.07903
RIMINI;RIMINI;Emilia-Romagna;RIM;2009;2009-11-11T11:45:31Z;281954309;12.61664;44.0151699999999
RIMINI;RIMINI;Emilia-Romagna;RIM;2010;2010-02-27T09:56:16Z;281954525;12.6166432;44.0151396999999
DOMODOSSOLA;VERBANIA;Piemonte;;2013;2013-09-22T08:24:23Z;2467371909;8.2324498;46.0906366999999
GOLFO ARANCI;OLBIA-TEMPIO;Sardegna;Semaforo di G. Marconi (rovine);2013;2013-01-07T22:27:19Z;2100625471;9.6530429;40.9976879
LA MADDALENA;OLBIA-TEMPIO;Sardegna;;2015;2015-05-23T16:43:56Z;2904059186;9.44127909999999;41.2161911999999
LA MADDALENA;OLBIA-TEMPIO;Sardegna;PONTE DI CAPRERA;2015;2015-05-23T16:43:56Z;2904059185;9.4409931;41.2162397999999
OLBIA;OLBIA-TEMPIO;Sardegna;ISM;2009;2009-11-11T11:45:36Z;281954447;9.50991999999999;40.8960599999999
OLBIA;OLBIA-TEMPIO;Sardegna;SME;2009;2009-11-11T11:45:25Z;281954022;9.50229;40.89358
OLBIA;OLBIA-TEMPIO;Sardegna;SME;2009;2009-11-11T11:45:36Z;281954442;9.50118;40.8900399999999
OLBIA;OLBIA-TEMPIO;Sardegna;SME;2010;2010-02-20T21:27:33Z;281954262;9.5013095;40.8901216
PERDASDEFOGU;OGLIASTRA;Sardegna;PED;2009;2009-11-11T11:45:36Z;281954440;9.44333;39.66917
TORTOLI';OGLIASTRA;Sardegna;ARB;2009;2009-11-11T11:45:25Z;281954024;9.67867;39.9214399999999
